idDistrict;District;idNeighborhood;Neighborhood;Age_inicial;Age_final;TotalPeopleNeighborhood;TotalPeopleAge;PercAge
22;ARGANZUELA;2;Acacias;0;4;36745;1271;3,4589740100694
22;ARGANZUELA;2;Acacias;5;15;36745;2701;7,3506599537352
22;ARGANZUELA;2;Acacias;16;17;36745;593;1,61382501020547
22;ARGANZUELA;2;Acacias;18;30;36745;5139;13,9855762688801
22;ARGANZUELA;2;Acacias;31;45;36745;8282;22,5391209688393
22;ARGANZUELA;2;Acacias;46;60;36745;8233;22,405769492448
22;ARGANZUELA;2;Acacias;61;120;36745;10526;28,6460742958226
22;ARGANZUELA;19;Atocha;0;4;1168;66;5,65068493150685
22;ARGANZUELA;19;Atocha;5;15;1168;183;15,6678082191781
22;ARGANZUELA;19;Atocha;16;17;1168;38;3,25342465753425
22;ARGANZUELA;19;Atocha;18;30;1168;143;12,2431506849315
22;ARGANZUELA;19;Atocha;31;45;1168;239;20,4623287671233
22;ARGANZUELA;19;Atocha;46;60;1168;338;28,9383561643836
22;ARGANZUELA;19;Atocha;61;120;1168;161;13,7842465753425
22;ARGANZUELA;44;Chopera;0;4;19870;836;4,20734776044288
22;ARGANZUELA;44;Chopera;5;15;19870;1308;6,58278812279819
22;ARGANZUELA;44;Chopera;16;17;19870;243;1,22294916960242
22;ARGANZUELA;44;Chopera;18;30;19870;2645;13,3115249119275
22;ARGANZUELA;44;Chopera;31;45;19870;5081;25,5712128837443
22;ARGANZUELA;44;Chopera;46;60;19870;4179;21,0317060895823
22;ARGANZUELA;44;Chopera;61;120;19870;5578;28,0724710619024
22;ARGANZUELA;45;Delicias;0;4;27581;1282;4,6481273340343
22;ARGANZUELA;45;Delicias;5;15;27581;2729;9,89449258547551
22;ARGANZUELA;45;Delicias;16;17;27581;433;1,56992132264965
22;ARGANZUELA;45;Delicias;18;30;27581;3662;13,2772560820855
22;ARGANZUELA;45;Delicias;31;45;27581;7252;26,2934628911207
22;ARGANZUELA;45;Delicias;46;60;27581;6340;22,986838765817
22;ARGANZUELA;45;Delicias;61;120;27581;5883;21,3299010188173
22;ARGANZUELA;64;Imperial;0;4;22739;838;3,68529838603281
22;ARGANZUELA;64;Imperial;5;15;22739;1892;8,32050661858481
22;ARGANZUELA;64;Imperial;16;17;22739;386;1,69752407757597
22;ARGANZUELA;64;Imperial;18;30;22739;2805;12,3356348124368
22;ARGANZUELA;64;Imperial;31;45;22739;5251;23,0924842781125
22;ARGANZUELA;64;Imperial;46;60;22739;5454;23,9852236246097
22;ARGANZUELA;64;Imperial;61;120;22739;6113;26,8833282026474
22;ARGANZUELA;68;Legazpi;0;4;19481;1294;6,64236948821929
22;ARGANZUELA;68;Legazpi;5;15;19481;2555;13,1153431548688
22;ARGANZUELA;68;Legazpi;16;17;19481;379;1,94548534469483
22;ARGANZUELA;68;Legazpi;18;30;19481;2305;11,8320414763103
22;ARGANZUELA;68;Legazpi;31;45;19481;5707;29,2952107181356
22;ARGANZUELA;68;Legazpi;46;60;19481;4872;25,0089831117499
22;ARGANZUELA;68;Legazpi;61;120;19481;2369;12,1605667060213
22;ARGANZUELA;89;Palos de Moguer;0;4;25841;861;3,33191439959754
22;ARGANZUELA;89;Palos de Moguer;5;15;25841;1656;6,40842072675206
22;ARGANZUELA;89;Palos de Moguer;16;17;25841;280;1,0835493982431
22;ARGANZUELA;89;Palos de Moguer;18;30;25841;3884;15,0303780813436
22;ARGANZUELA;89;Palos de Moguer;31;45;25841;6848;26,5005224256027
22;ARGANZUELA;89;Palos de Moguer;46;60;25841;5707;22,0850586277621
22;ARGANZUELA;89;Palos de Moguer;61;120;25841;6605;25,5601563406989
23;BARAJAS;4;Aeropuerto;0;4;1827;102;5,58292282430213
23;BARAJAS;4;Aeropuerto;5;15;1827;185;10,1258894362343
23;BARAJAS;4;Aeropuerto;16;17;1827;27;1,47783251231527
23;BARAJAS;4;Aeropuerto;18;30;1827;278;15,216201423098
23;BARAJAS;4;Aeropuerto;31;45;1827;462;25,2873563218391
23;BARAJAS;4;Aeropuerto;46;60;1827;434;23,7547892720307
23;BARAJAS;4;Aeropuerto;61;120;1827;339;18,5550082101806
23;BARAJAS;6;Alameda de Osuna;0;4;19517;892;4,57037454526823
23;BARAJAS;6;Alameda de Osuna;5;15;19517;2380;12,1944971050879
23;BARAJAS;6;Alameda de Osuna;16;17;19517;382;1,9572680227494
23;BARAJAS;6;Alameda de Osuna;18;30;19517;2011;10,3038376799713
23;BARAJAS;6;Alameda de Osuna;31;45;19517;4212;21,5811856330379
23;BARAJAS;6;Alameda de Osuna;46;60;19517;3844;19,6956499462007
23;BARAJAS;6;Alameda de Osuna;61;120;19517;5796;29,6971870676846
23;BARAJAS;28;Casco Histórico de Barajas;0;4;7435;280;3,76597175521184
23;BARAJAS;28;Casco Histórico de Barajas;5;15;7435;573;7,70679219905851
23;BARAJAS;28;Casco Histórico de Barajas;16;17;7435;107;1,43913920645595
23;BARAJAS;28;Casco Histórico de Barajas;18;30;7435;1075;14,4586415601883
23;BARAJAS;28;Casco Histórico de Barajas;31;45;7435;2005;26,9670477471419
23;BARAJAS;28;Casco Histórico de Barajas;46;60;7435;1610;21,6543375924681
23;BARAJAS;28;Casco Histórico de Barajas;61;120;7435;1785;24,0080699394755
23;BARAJAS;39;Corralejos;0;4;7616;463;6,07930672268908
23;BARAJAS;39;Corralejos;5;15;7616;1510;19,8266806722689
23;BARAJAS;39;Corralejos;16;17;7616;228;2,9936974789916
23;BARAJAS;39;Corralejos;18;30;7616;698;9,16491596638656
23;BARAJAS;39;Corralejos;31;45;7616;1768;23,2142857142857
23;BARAJAS;39;Corralejos;46;60;7616;1983;26,0372899159664
23;BARAJAS;39;Corralejos;61;120;7616;966;12,6838235294118
23;BARAJAS;117;Timón;0;4;12151;941;7,74421858283269
23;BARAJAS;117;Timón;5;15;12151;1597;13,1429511974323
23;BARAJAS;117;Timón;16;17;12151;252;2,07390338243766
23;BARAJAS;117;Timón;18;30;12151;1514;12,4598798452802
23;BARAJAS;117;Timón;31;45;12151;3529;29,0428771294544
23;BARAJAS;117;Timón;46;60;12151;2730;22,4672866430746
23;BARAJAS;117;Timón;61;120;12151;1588;13,0688832194881
24;CARABANCHEL;1;Abrantes;0;4;30190;1299;4,30274925472011
24;CARABANCHEL;1;Abrantes;5;15;30190;3640;12,0569725074528
24;CARABANCHEL;1;Abrantes;16;17;30190;607;2,01059953627029
24;CARABANCHEL;1;Abrantes;18;30;30190;4178;13,839019542895
24;CARABANCHEL;1;Abrantes;31;45;30190;6919;22,9181848294137
24;CARABANCHEL;1;Abrantes;46;60;30190;6839;22,6531964226565
24;CARABANCHEL;1;Abrantes;61;120;30190;6708;22,2192779065916
24;CARABANCHEL;22;Buenavista;0;4;46662;2564;5,49483519780549
24;CARABANCHEL;22;Buenavista;5;15;46662;7100;15,2158072950152
24;CARABANCHEL;22;Buenavista;16;17;46662;906;1,94162273370194
24;CARABANCHEL;22;Buenavista;18;30;46662;5642;12,0912091209121
24;CARABANCHEL;22;Buenavista;31;45;46662;12585;26,970554198277
24;CARABANCHEL;22;Buenavista;46;60;46662;10207;21,8743302901719
24;CARABANCHEL;22;Buenavista;61;120;46662;7658;16,4116411641164
24;CARABANCHEL;37;Comillas;0;4;22429;815;3,63368852824468
24;CARABANCHEL;37;Comillas;5;15;22429;1672;7,45463462481609
24;CARABANCHEL;37;Comillas;16;17;22429;308;1,37322216772928
24;CARABANCHEL;37;Comillas;18;30;22429;3143;14,0131080297829
24;CARABANCHEL;37;Comillas;31;45;22429;5211;23,233314013108
24;CARABANCHEL;37;Comillas;46;60;22429;4795;21,3785723839672
24;CARABANCHEL;37;Comillas;61;120;22429;6485;28,9134602523519
24;CARABANCHEL;81;Opañel;0;4;32799;1287;3,92390011890606
24;CARABANCHEL;81;Opañel;5;15;32799;2689;8,19842068355743
24;CARABANCHEL;81;Opañel;16;17;32799;537;1,63724503795847
24;CARABANCHEL;81;Opañel;18;30;32799;4999;15,241318332876
24;CARABANCHEL;81;Opañel;31;45;32799;7646;23,3116863319004
24;CARABANCHEL;81;Opañel;46;60;32799;7326;22,3360468306961
24;CARABANCHEL;81;Opañel;61;120;32799;8315;25,3513826641056
24;CARABANCHEL;99;Puerta Bonita;0;4;34328;1464;4,2647401538103
24;CARABANCHEL;99;Puerta Bonita;5;15;34328;3610;10,5161966907481
24;CARABANCHEL;99;Puerta Bonita;16;17;34328;652;1,89932416686087
24;CARABANCHEL;99;Puerta Bonita;18;30;34328;5350;15,5849452342111
24;CARABANCHEL;99;Puerta Bonita;31;45;34328;7785;22,6782801211839
24;CARABANCHEL;99;Puerta Bonita;46;60;34328;7692;22,4073642507574
24;CARABANCHEL;99;Puerta Bonita;61;120;34328;7775;22,6491493824283
24;CARABANCHEL;111;San Isidro;0;4;38736;1598;4,12536142090045
24;CARABANCHEL;111;San Isidro;5;15;38736;3567;9,20848822800496
24;CARABANCHEL;111;San Isidro;16;17;38736;677;1,74772821148286
24;CARABANCHEL;111;San Isidro;18;30;38736;6037;15,584985543164
24;CARABANCHEL;111;San Isidro;31;45;38736;8994;23,2187112763321
24;CARABANCHEL;111;San Isidro;46;60;38736;8682;22,413258983891
24;CARABANCHEL;111;San Isidro;61;120;38736;9181;23,7014663362247
24;CARABANCHEL;128;Vista Alegre;0;4;45408;1703;3,75044045102185
24;CARABANCHEL;128;Vista Alegre;5;15;45408;3954;8,70771670190275
24;CARABANCHEL;128;Vista Alegre;16;17;45408;715;1,57461240310078
24;CARABANCHEL;128;Vista Alegre;18;30;45408;6705;14,7661205073996
24;CARABANCHEL;128;Vista Alegre;31;45;45408;10157;22,3683051444679
24;CARABANCHEL;128;Vista Alegre;46;60;45408;9632;21,2121212121212
24;CARABANCHEL;128;Vista Alegre;61;120;45408;12542;27,6206835799859
25;CENTRO;40;Cortes;0;4;10515;291;2,76747503566334
25;CENTRO;40;Cortes;5;15;10515;481;4,57441749881122
25;CENTRO;40;Cortes;16;17;10515;87;0,827389443651926
25;CENTRO;40;Cortes;18;30;10515;1640;15,5967665240133
25;CENTRO;40;Cortes;31;45;10515;3263;31,0318592486923
25;CENTRO;40;Cortes;46;60;10515;2484;23,623395149786
25;CENTRO;40;Cortes;61;120;10515;2269;21,5786970993818
25;CENTRO;50;Embajadores;0;4;44558;1390;3,11952960186723
25;CENTRO;50;Embajadores;5;15;44558;2583;5,79693882131155
25;CENTRO;50;Embajadores;16;17;44558;403;0,904439157951434
25;CENTRO;50;Embajadores;18;30;44558;7402;16,6120561964182
25;CENTRO;50;Embajadores;31;45;44558;15051;33,7784460702904
25;CENTRO;50;Embajadores;46;60;44558;9611;21,5696395708964
25;CENTRO;50;Embajadores;61;120;44558;8118;18,2189505812649
25;CENTRO;66;Justicia;0;4;16570;488;2,94508147254074
25;CENTRO;66;Justicia;5;15;16570;926;5,5884127942064
25;CENTRO;66;Justicia;16;17;16570;162;0,977670488835244
25;CENTRO;66;Justicia;18;30;16570;2677;16,1557030778515
25;CENTRO;66;Justicia;31;45;16570;4993;30,132770066385
25;CENTRO;66;Justicia;46;60;16570;3844;23,1985515992758
25;CENTRO;66;Justicia;61;120;16570;3480;21,0018105009053
25;CENTRO;85;Palacio;0;4;22497;622;2,76481308618927
25;CENTRO;85;Palacio;5;15;22497;1292;5,74298795394942
25;CENTRO;85;Palacio;16;17;22497;206;0,915677645908343
25;CENTRO;85;Palacio;18;30;22497;3296;14,6508423345335
25;CENTRO;85;Palacio;31;45;22497;6397;28,4349024314353
25;CENTRO;85;Palacio;46;60;22497;5268;23,4164555274037
25;CENTRO;85;Palacio;61;120;22497;5416;24,0743210205805
25;CENTRO;116;Sol;0;4;7206;170;2,35914515681377
25;CENTRO;116;Sol;5;15;7206;333;4,62114904246461
25;CENTRO;116;Sol;16;17;7206;40;0,555092978073827
25;CENTRO;116;Sol;18;30;7206;1306;18,1237857341105
25;CENTRO;116;Sol;31;45;7206;2197;30,488481820705
25;CENTRO;116;Sol;46;60;7206;1586;22,0094365806273
25;CENTRO;116;Sol;61;120;7206;1574;21,8429086872051
25;CENTRO;119;Universidad;0;4;30844;892;2,89197250680846
25;CENTRO;119;Universidad;5;15;30844;1627;5,27493191544547
25;CENTRO;119;Universidad;16;17;30844;280;0,907794060433147
25;CENTRO;119;Universidad;18;30;30844;5188;16,8201270911685
25;CENTRO;119;Universidad;31;45;30844;9830;31,8700557644923
25;CENTRO;119;Universidad;46;60;30844;6524;21,1516016080923
25;CENTRO;119;Universidad;61;120;30844;6503;21,0835170535598
26;CHAMARTÍN;32;Castilla;0;4;16902;711;4,20660276890309
26;CHAMARTÍN;32;Castilla;5;15;16902;1512;8,94568690095847
26;CHAMARTÍN;32;Castilla;16;17;16902;289;1,70985682167791
26;CHAMARTÍN;32;Castilla;18;30;16902;2711;16,0395219500651
26;CHAMARTÍN;32;Castilla;31;45;16902;3445;20,3822032895515
26;CHAMARTÍN;32;Castilla;46;60;16902;3583;21,1986747130517
26;CHAMARTÍN;32;Castilla;61;120;16902;4651;27,5174535557922
26;CHAMARTÍN;34;Ciudad Jardín;0;4;18584;787;4,23482565647869
26;CHAMARTÍN;34;Ciudad Jardín;5;15;18584;1486;7,99612569952647
26;CHAMARTÍN;34;Ciudad Jardín;16;17;18584;264;1,42057684029273
26;CHAMARTÍN;34;Ciudad Jardín;18;30;18584;2467;13,2748600947051
26;CHAMARTÍN;34;Ciudad Jardín;31;45;18584;4462;24,009900990099
26;CHAMARTÍN;34;Ciudad Jardín;46;60;18584;3872;20,83512699096
26;CHAMARTÍN;34;Ciudad Jardín;61;120;18584;5246;28,228583727938
26;CHAMARTÍN;49;El Viso;0;4;17253;887;5,14113487509419
26;CHAMARTÍN;49;El Viso;5;15;17253;1605;9,30272996000696
26;CHAMARTÍN;49;El Viso;16;17;17253;292;1,69245928244363
26;CHAMARTÍN;49;El Viso;18;30;17253;2715;15,736393670666
26;CHAMARTÍN;49;El Viso;31;45;17253;3511;20,3500840433548
26;CHAMARTÍN;49;El Viso;46;60;17253;3680;21,3296238335362
26;CHAMARTÍN;49;El Viso;61;120;17253;4563;26,4475743348983
26;CHAMARTÍN;61;Hispanoamérica;0;4;31584;1578;4,99620060790274
26;CHAMARTÍN;61;Hispanoamérica;5;15;31584;3152;9,97973657548126
26;CHAMARTÍN;61;Hispanoamérica;16;17;31584;518;1,64007092198582
26;CHAMARTÍN;61;Hispanoamérica;18;30;31584;3804;12,0440729483283
26;CHAMARTÍN;61;Hispanoamérica;31;45;31584;6668;21,1119554204661
26;CHAMARTÍN;61;Hispanoamérica;46;60;31584;6580;20,8333333333333
26;CHAMARTÍN;61;Hispanoamérica;61;120;31584;9284;29,3946301925025
26;CHAMARTÍN;79;Nueva España;0;4;24623;1321;5,36490273321691
26;CHAMARTÍN;79;Nueva España;5;15;24623;2878;11,6882589448889
26;CHAMARTÍN;79;Nueva España;16;17;24623;450;1,82755959874914
26;CHAMARTÍN;79;Nueva España;18;30;24623;3241;13,1624903545466
26;CHAMARTÍN;79;Nueva España;31;45;24623;5544;22,5155342565894
26;CHAMARTÍN;79;Nueva España;46;60;24623;5039;20,4646062624376
26;CHAMARTÍN;79;Nueva España;61;120;24623;6150;24,9766478495715
26;CHAMARTÍN;97;Prosperidad;0;4;36624;1417;3,86904761904762
26;CHAMARTÍN;97;Prosperidad;5;15;36624;2688;7,3394495412844
26;CHAMARTÍN;97;Prosperidad;16;17;36624;487;1,32972913936217
26;CHAMARTÍN;97;Prosperidad;18;30;36624;5095;13,9116426387069
26;CHAMARTÍN;97;Prosperidad;31;45;36624;8551;23,3480777632154
26;CHAMARTÍN;97;Prosperidad;46;60;36624;7393;20,1862166885103
26;CHAMARTÍN;97;Prosperidad;61;120;36624;10993;30,0158366098733
27;CHAMBERÍ;7;Almagro;0;4;19821;766;3,86458806316533
27;CHAMBERÍ;7;Almagro;5;15;19821;1547;7,80485343827254
27;CHAMBERÍ;7;Almagro;16;17;19821;310;1,56399778013218
27;CHAMBERÍ;7;Almagro;18;30;19821;2990;15,0850108470814
27;CHAMBERÍ;7;Almagro;31;45;19821;4351;21,9514656172746
27;CHAMBERÍ;7;Almagro;46;60;19821;4086;20,6144997729681
27;CHAMBERÍ;7;Almagro;61;120;19821;5771;29,1155844811059
27;CHAMBERÍ;14;Arapiles;0;4;24341;885;3,63584076249949
27;CHAMBERÍ;14;Arapiles;5;15;24341;1717;7,05394190871369
27;CHAMBERÍ;14;Arapiles;16;17;24341;320;1,31465428700546
27;CHAMBERÍ;14;Arapiles;18;30;24341;3904;16,0387823014667
27;CHAMBERÍ;14;Arapiles;31;45;24341;5786;23,7705928269175
27;CHAMBERÍ;14;Arapiles;46;60;24341;4617;18,9679963847007
27;CHAMBERÍ;14;Arapiles;61;120;24341;7112;29,2181915286964
27;CHAMBERÍ;57;Gaztambide;0;4;22843;747;3,27014840432518
27;CHAMBERÍ;57;Gaztambide;5;15;22843;1450;6,3476776255308
27;CHAMBERÍ;57;Gaztambide;16;17;22843;282;1,23451385544806
27;CHAMBERÍ;57;Gaztambide;18;30;22843;3920;17,1606181324695
27;CHAMBERÍ;57;Gaztambide;31;45;22843;4932;21,5908593442192
27;CHAMBERÍ;57;Gaztambide;46;60;22843;4384;19,1918749726393
27;CHAMBERÍ;57;Gaztambide;61;120;22843;7128;31,2043076653679
27;CHAMBERÍ;104;Ríos Rosas;0;4;27123;1090;4,01872949157542
27;CHAMBERÍ;104;Ríos Rosas;5;15;27123;2017;7,43649301330974
27;CHAMBERÍ;104;Ríos Rosas;16;17;27123;339;1,24986174095786
27;CHAMBERÍ;104;Ríos Rosas;18;30;27123;4154;15,3154149614718
27;CHAMBERÍ;104;Ríos Rosas;31;45;27123;6459;23,8137374184272
27;CHAMBERÍ;104;Ríos Rosas;46;60;27123;5336;19,6733399697674
27;CHAMBERÍ;104;Ríos Rosas;61;120;27123;7728;28,4924234044907
27;CHAMBERÍ;118;Trafalgar;0;4;24552;895;3,64532420984034
27;CHAMBERÍ;118;Trafalgar;5;15;24552;1676;6,82632779406973
27;CHAMBERÍ;118;Trafalgar;16;17;24552;293;1,19338546757902
27;CHAMBERÍ;118;Trafalgar;18;30;24552;3686;15,0130335614207
27;CHAMBERÍ;118;Trafalgar;31;45;24552;6553;26,6902899967416
27;CHAMBERÍ;118;Trafalgar;46;60;24552;4927;20,0676115998697
27;CHAMBERÍ;118;Trafalgar;61;120;24552;6522;26,564027370479
27;CHAMBERÍ;125;Vallehermoso;0;4;20201;695;3,44042374139894
27;CHAMBERÍ;125;Vallehermoso;5;15;20201;1636;8,09860897975348
27;CHAMBERÍ;125;Vallehermoso;16;17;20201;314;1,55437849611405
27;CHAMBERÍ;125;Vallehermoso;18;30;20201;2900;14,3557249641107
27;CHAMBERÍ;125;Vallehermoso;31;45;20201;4006;19,8307014504232
27;CHAMBERÍ;125;Vallehermoso;46;60;20201;4000;19,8009999504975
27;CHAMBERÍ;125;Vallehermoso;61;120;20201;6650;32,9191624177021
28;CIUDAD LINEAL;18;Atalaya;0;4;1589;86;5,41220893643801
28;CIUDAD LINEAL;18;Atalaya;5;15;1589;197;12,3977344241661
28;CIUDAD LINEAL;18;Atalaya;16;17;1589;44;2,76903713027061
28;CIUDAD LINEAL;18;Atalaya;18;30;1589;210;13,215859030837
28;CIUDAD LINEAL;18;Atalaya;31;45;1589;280;17,6211453744493
28;CIUDAD LINEAL;18;Atalaya;46;60;1589;356;22,4040276903713
28;CIUDAD LINEAL;18;Atalaya;61;120;1589;416;26,1799874134676
28;CIUDAD LINEAL;36;Colina;0;4;6322;285;4,50806706738374
28;CIUDAD LINEAL;36;Colina;5;15;6322;690;10,9142676368238
28;CIUDAD LINEAL;36;Colina;16;17;6322;101;1,59759569756406
28;CIUDAD LINEAL;36;Colina;18;30;6322;789;12,4802277760202
28;CIUDAD LINEAL;36;Colina;31;45;6322;1383;21,875988611199
28;CIUDAD LINEAL;36;Colina;46;60;6322;1342;21,2274596646631
28;CIUDAD LINEAL;36;Colina;61;120;6322;1732;27,3963935463461
28;CIUDAD LINEAL;38;Concepción;0;4;20903;768;3,67411376357461
28;CIUDAD LINEAL;38;Concepción;5;15;20903;1808;8,64947615174855
28;CIUDAD LINEAL;38;Concepción;16;17;20903;304;1,45433669808162
28;CIUDAD LINEAL;38;Concepción;18;30;20903;2718;13,0029182414008
28;CIUDAD LINEAL;38;Concepción;31;45;20903;4604;22,0255465722624
28;CIUDAD LINEAL;38;Concepción;46;60;20903;4655;22,2695306893747
28;CIUDAD LINEAL;38;Concepción;61;120;20903;6046;28,9240778835574
28;CIUDAD LINEAL;41;Costillares;0;4;22023;900;4,08663669799755
28;CIUDAD LINEAL;41;Costillares;5;15;22023;2558;11,6151296371975
28;CIUDAD LINEAL;41;Costillares;16;17;22023;577;2,61998819416065
28;CIUDAD LINEAL;41;Costillares;18;30;22023;3240;14,7118921127912
28;CIUDAD LINEAL;41;Costillares;31;45;22023;3859;17,522590019525
28;CIUDAD LINEAL;41;Costillares;46;60;22023;5098;23,148526540435
28;CIUDAD LINEAL;41;Costillares;61;120;22023;5791;26,2952367978931
28;CIUDAD LINEAL;98;Pueblo Nuevo;0;4;61668;2282;3,70046053058312
28;CIUDAD LINEAL;98;Pueblo Nuevo;5;15;61668;5410;8,77278329117208
28;CIUDAD LINEAL;98;Pueblo Nuevo;16;17;61668;1074;1,74158396575209
28;CIUDAD LINEAL;98;Pueblo Nuevo;18;30;61668;8905;14,4402283193877
28;CIUDAD LINEAL;98;Pueblo Nuevo;31;45;61668;13832;22,4297853019394
28;CIUDAD LINEAL;98;Pueblo Nuevo;46;60;61668;13804;22,3843808782513
28;CIUDAD LINEAL;98;Pueblo Nuevo;61;120;61668;16361;26,5307777129143
28;CIUDAD LINEAL;101;Quintana;0;4;24686;929;3,76326662885846
28;CIUDAD LINEAL;101;Quintana;5;15;24686;1925;7,7979421534473
28;CIUDAD LINEAL;101;Quintana;16;17;24686;347;1,40565502714089
28;CIUDAD LINEAL;101;Quintana;18;30;24686;3671;14,8707769586
28;CIUDAD LINEAL;101;Quintana;31;45;24686;5678;23,000891193389
28;CIUDAD LINEAL;101;Quintana;46;60;24686;5536;22,4256663696022
28;CIUDAD LINEAL;101;Quintana;61;120;24686;6600;26,7358016689622
28;CIUDAD LINEAL;112;San Juan Bautista;0;4;12505;558;4,46221511395442
28;CIUDAD LINEAL;112;San Juan Bautista;5;15;12505;1399;11,187524990004
28;CIUDAD LINEAL;112;San Juan Bautista;16;17;12505;310;2,47900839664134
28;CIUDAD LINEAL;112;San Juan Bautista;18;30;12505;1684;13,4666133546581
28;CIUDAD LINEAL;112;San Juan Bautista;31;45;12505;2491;19,9200319872051
28;CIUDAD LINEAL;112;San Juan Bautista;46;60;12505;2831;22,6389444222311
28;CIUDAD LINEAL;112;San Juan Bautista;61;120;12505;3232;25,8456617353059
28;CIUDAD LINEAL;113;San Pascual;0;4;18200;676;3,71428571428571
28;CIUDAD LINEAL;113;San Pascual;5;15;18200;1610;8,84615384615385
28;CIUDAD LINEAL;113;San Pascual;16;17;18200;273;1,5
28;CIUDAD LINEAL;113;San Pascual;18;30;18200;2349;12,9065934065934
28;CIUDAD LINEAL;113;San Pascual;31;45;18200;3575;19,6428571428571
28;CIUDAD LINEAL;113;San Pascual;46;60;18200;3989;21,9175824175824
28;CIUDAD LINEAL;113;San Pascual;61;120;18200;5728;31,4725274725275
28;CIUDAD LINEAL;126;Ventas;0;4;47963;1701;3,546483747889
28;CIUDAD LINEAL;126;Ventas;5;15;47963;3840;8,00617142380585
28;CIUDAD LINEAL;126;Ventas;16;17;47963;754;1,57204511811188
28;CIUDAD LINEAL;126;Ventas;18;30;47963;6728;14,0274795154598
28;CIUDAD LINEAL;126;Ventas;31;45;47963;10603;22,1066238558889
28;CIUDAD LINEAL;126;Ventas;46;60;47963;10741;22,3943456414319
28;CIUDAD LINEAL;126;Ventas;61;120;47963;13596;28,3468506974126
29;FUENCARRAL-EL PARDO;46;El Goloso;0;4;18128;2015;11,1154015887026
29;FUENCARRAL-EL PARDO;46;El Goloso;5;15;18128;3976;21,9329214474846
29;FUENCARRAL-EL PARDO;46;El Goloso;16;17;18128;331;1,82590467784643
29;FUENCARRAL-EL PARDO;46;El Goloso;18;30;18128;1276;7,03883495145631
29;FUENCARRAL-EL PARDO;46;El Goloso;31;45;18128;5852;32,2815533980583
29;FUENCARRAL-EL PARDO;46;El Goloso;46;60;18128;2960;16,3283318623124
29;FUENCARRAL-EL PARDO;46;El Goloso;61;120;18128;1718;9,47705207413945
29;FUENCARRAL-EL PARDO;47;El Pardo;0;4;3484;138;3,9609644087256
29;FUENCARRAL-EL PARDO;47;El Pardo;5;15;3484;265;7,60619977037887
29;FUENCARRAL-EL PARDO;47;El Pardo;16;17;3484;47;1,34902411021814
29;FUENCARRAL-EL PARDO;47;El Pardo;18;30;3484;474;13,6050516647532
29;FUENCARRAL-EL PARDO;47;El Pardo;31;45;3484;788;22,6176808266361
29;FUENCARRAL-EL PARDO;47;El Pardo;46;60;3484;698;20,0344431687715
29;FUENCARRAL-EL PARDO;47;El Pardo;61;120;3484;1074;30,8266360505166
29;FUENCARRAL-EL PARDO;56;Fuentelarreina;0;4;3250;138;4,24615384615385
29;FUENCARRAL-EL PARDO;56;Fuentelarreina;5;15;3250;399;12,2769230769231
29;FUENCARRAL-EL PARDO;56;Fuentelarreina;16;17;3250;67;2,06153846153846
29;FUENCARRAL-EL PARDO;56;Fuentelarreina;18;30;3250;440;13,5384615384615
29;FUENCARRAL-EL PARDO;56;Fuentelarreina;31;45;3250;552;16,9846153846154
29;FUENCARRAL-EL PARDO;56;Fuentelarreina;46;60;3250;649;19,9692307692308
29;FUENCARRAL-EL PARDO;56;Fuentelarreina;61;120;3250;1005;30,9230769230769
29;FUENCARRAL-EL PARDO;67;La Paz;0;4;33841;1273;3,76170916935079
29;FUENCARRAL-EL PARDO;67;La Paz;5;15;33841;2412;7,12744895245412
29;FUENCARRAL-EL PARDO;67;La Paz;16;17;33841;457;1,35043290682899
29;FUENCARRAL-EL PARDO;67;La Paz;18;30;33841;4133;12,2129960698561
29;FUENCARRAL-EL PARDO;67;La Paz;31;45;33841;6819;20,1501137673237
29;FUENCARRAL-EL PARDO;67;La Paz;46;60;33841;5750;16,9912236636033
29;FUENCARRAL-EL PARDO;67;La Paz;61;120;33841;12997;38,406075470583
29;FUENCARRAL-EL PARDO;76;Mirasierra;0;4;32609;2148;6,58713852004048
29;FUENCARRAL-EL PARDO;76;Mirasierra;5;15;32609;4888;14,9897267625502
29;FUENCARRAL-EL PARDO;76;Mirasierra;16;17;32609;922;2,82744027722408
29;FUENCARRAL-EL PARDO;76;Mirasierra;18;30;32609;4653;14,269066822043
29;FUENCARRAL-EL PARDO;76;Mirasierra;31;45;32609;6568;20,1416786776657
29;FUENCARRAL-EL PARDO;76;Mirasierra;46;60;32609;7368;22,5949891134349
29;FUENCARRAL-EL PARDO;76;Mirasierra;61;120;32609;6062;18,5899598270416
29;FUENCARRAL-EL PARDO;91;Peña Grande;0;4;44606;1765;3,95686678922118
29;FUENCARRAL-EL PARDO;91;Peña Grande;5;15;44606;4064;9,11088194413308
29;FUENCARRAL-EL PARDO;91;Peña Grande;16;17;44606;697;1,56257005783975
29;FUENCARRAL-EL PARDO;91;Peña Grande;18;30;44606;6029;13,5161189077703
29;FUENCARRAL-EL PARDO;91;Peña Grande;31;45;44606;8992;20,1587230417433
29;FUENCARRAL-EL PARDO;91;Peña Grande;46;60;44606;9180;20,5801910056943
29;FUENCARRAL-EL PARDO;91;Peña Grande;61;120;44606;13879;31,1146482535982
29;FUENCARRAL-EL PARDO;92;Pilar;0;4;46372;1671;3,60346760976451
29;FUENCARRAL-EL PARDO;92;Pilar;5;15;46372;3351;7,22634348313638
29;FUENCARRAL-EL PARDO;92;Pilar;16;17;46372;581;1,2529112395411
29;FUENCARRAL-EL PARDO;92;Pilar;18;30;46372;5654;12,1927024928836
29;FUENCARRAL-EL PARDO;92;Pilar;31;45;46372;10753;23,1885620633141
29;FUENCARRAL-EL PARDO;92;Pilar;46;60;46372;8797;18,9704994393168
29;FUENCARRAL-EL PARDO;92;Pilar;61;120;46372;15565;33,5655136720435
29;FUENCARRAL-EL PARDO;124;Valverde;0;4;62593;4936;7,88586583164252
29;FUENCARRAL-EL PARDO;124;Valverde;5;15;62593;10160;16,2318470116467
29;FUENCARRAL-EL PARDO;124;Valverde;16;17;62593;1111;1,77495886121451
29;FUENCARRAL-EL PARDO;124;Valverde;18;30;62593;6809;10,8782132187305
29;FUENCARRAL-EL PARDO;124;Valverde;31;45;62593;18175;29,0367932516416
29;FUENCARRAL-EL PARDO;124;Valverde;46;60;62593;12151;19,412713881744
29;FUENCARRAL-EL PARDO;124;Valverde;61;120;62593;9251;14,7796079433803
30;HORTALEZA;13;Apóstol Santiago;0;4;15380;504;3,27698309492848
30;HORTALEZA;13;Apóstol Santiago;5;15;15380;1433;9,31729518855657
30;HORTALEZA;13;Apóstol Santiago;16;17;15380;318;2,06762028608583
30;HORTALEZA;13;Apóstol Santiago;18;30;15380;2300;14,9544863459038
30;HORTALEZA;13;Apóstol Santiago;31;45;15380;2904;18,8816644993498
30;HORTALEZA;13;Apóstol Santiago;46;60;15380;3945;25,6501950585176
30;HORTALEZA;13;Apóstol Santiago;61;120;15380;3976;25,851755526658
30;HORTALEZA;25;Canillas;0;4;40760;1478;3,6261040235525
30;HORTALEZA;25;Canillas;5;15;40760;3503;8,59421000981354
30;HORTALEZA;25;Canillas;16;17;40760;658;1,61432777232581
30;HORTALEZA;25;Canillas;18;30;40760;5210;12,7821393523062
30;HORTALEZA;25;Canillas;31;45;40760;8351;20,4882237487733
30;HORTALEZA;25;Canillas;46;60;40760;8769;21,5137389597645
30;HORTALEZA;25;Canillas;61;120;40760;12791;31,3812561334642
30;HORTALEZA;86;Palomas;0;4;6703;303;4,52036401611219
30;HORTALEZA;86;Palomas;5;15;6703;1090;16,2613755035059
30;HORTALEZA;86;Palomas;16;17;6703;204;3,04341339698642
30;HORTALEZA;86;Palomas;18;30;6703;925;13,7997911382963
30;HORTALEZA;86;Palomas;31;45;6703;1205;17,9770252125914
30;HORTALEZA;86;Palomas;46;60;6703;1729;25,7944204087722
30;HORTALEZA;86;Palomas;61;120;6703;1247;18,6036103237356
30;HORTALEZA;93;Pinar del Rey;0;4;52555;1927;3,66663495385786
30;HORTALEZA;93;Pinar del Rey;5;15;52555;4620;8,79079060032347
30;HORTALEZA;93;Pinar del Rey;16;17;52555;848;1,61354771192084
30;HORTALEZA;93;Pinar del Rey;18;30;52555;6835;13,0054228903054
30;HORTALEZA;93;Pinar del Rey;31;45;52555;10928;20,793454476263
30;HORTALEZA;93;Pinar del Rey;46;60;52555;11135;21,1873275616021
30;HORTALEZA;93;Pinar del Rey;61;120;52555;16262;30,9428218057273
30;HORTALEZA;94;Piovera;0;4;14769;686;4,64486424267046
30;HORTALEZA;94;Piovera;5;15;14769;2006;13,58250389329
30;HORTALEZA;94;Piovera;16;17;14769;417;2,82348161690026
30;HORTALEZA;94;Piovera;18;30;14769;2330;15,7762881711693
30;HORTALEZA;94;Piovera;31;45;14769;2626;17,7804861534295
30;HORTALEZA;94;Piovera;46;60;14769;3957;26,7926061344709
30;HORTALEZA;94;Piovera;61;120;14769;2747;18,5997697880696
30;HORTALEZA;121;Valdefuentes;0;4;55864;5239;9,37813260776171
30;HORTALEZA;121;Valdefuentes;5;15;55864;9924;17,7645711012459
30;HORTALEZA;121;Valdefuentes;16;17;55864;1171;2,09616210797651
30;HORTALEZA;121;Valdefuentes;18;30;55864;5451;9,75762566232278
30;HORTALEZA;121;Valdefuentes;31;45;55864;17960;32,1495059430044
30;HORTALEZA;121;Valdefuentes;46;60;55864;10690;19,1357582700845
30;HORTALEZA;121;Valdefuentes;61;120;55864;5429;9,71824430760418
31;LATINA;5;Águilas;0;4;51465;1768;3,43534440882153
31;LATINA;5;Águilas;5;15;51465;4469;8,68357135917614
31;LATINA;5;Águilas;16;17;51465;807;1,56805596036141
31;LATINA;5;Águilas;18;30;51465;6178;12,00427474983
31;LATINA;5;Águilas;31;45;51465;10303;20,0194306810454
31;LATINA;5;Águilas;46;60;51465;11259;21,8770037889828
31;LATINA;5;Águilas;61;120;51465;16681;32,4123190517828
31;LATINA;10;Aluche;0;4;66187;2223;3,3586655989847
31;LATINA;10;Aluche;5;15;66187;5263;7,95171257195522
31;LATINA;10;Aluche;16;17;66187;974;1,47158807620832
31;LATINA;10;Aluche;18;30;66187;8246;12,4586399141825
31;LATINA;10;Aluche;31;45;66187;13725;20,736700560533
31;LATINA;10;Aluche;46;60;66187;13059;19,7304606644809
31;LATINA;10;Aluche;61;120;66187;22697;34,2922326136553
31;LATINA;24;Campamento;0;4;19110;774;4,05023547880691
31;LATINA;24;Campamento;5;15;19110;1659;8,68131868131868
31;LATINA;24;Campamento;16;17;19110;265;1,38670852956567
31;LATINA;24;Campamento;18;30;19110;2641;13,8199895342752
31;LATINA;24;Campamento;31;45;19110;4277;22,3809523809524
31;LATINA;24;Campamento;46;60;19110;4067;21,2820512820513
31;LATINA;24;Campamento;61;120;19110;5427;28,3987441130298
31;LATINA;43;Cuatro Vientos;0;4;5690;438;7,69771528998243
31;LATINA;43;Cuatro Vientos;5;15;5690;892;15,676625659051
31;LATINA;43;Cuatro Vientos;16;17;5690;110;1,93321616871705
31;LATINA;43;Cuatro Vientos;18;30;5690;634;11,1423550087873
31;LATINA;43;Cuatro Vientos;31;45;5690;1897;33,3391915641476
31;LATINA;43;Cuatro Vientos;46;60;5690;1236;21,7223198594025
31;LATINA;43;Cuatro Vientos;61;120;5690;483;8,48857644991213
31;LATINA;71;Los Cármenes;0;4;17379;658;3,78617872144542
31;LATINA;71;Los Cármenes;5;15;17379;1846;10,622015075666
31;LATINA;71;Los Cármenes;16;17;17379;369;2,12325220093216
31;LATINA;71;Los Cármenes;18;30;17379;2707;15,5762702111744
31;LATINA;71;Los Cármenes;31;45;17379;3501;20,145002589332
31;LATINA;71;Los Cármenes;46;60;17379;4529;26,0601875827148
31;LATINA;71;Los Cármenes;61;120;17379;3769;21,6870936187353
31;LATINA;73;Lucero;0;4;35744;1298;3,63137869292748
31;LATINA;73;Lucero;5;15;35744;3232;9,0420769919427
31;LATINA;73;Lucero;16;17;35744;649;1,81568934646374
31;LATINA;73;Lucero;18;30;35744;5353;14,9759400179051
31;LATINA;73;Lucero;31;45;35744;7397;20,6943822739481
31;LATINA;73;Lucero;46;60;35744;8140;22,7730528200537
31;LATINA;73;Lucero;61;120;35744;9675;27,0674798567592
31;LATINA;100;Puerta del Angel;0;4;41632;1528;3,67025365103766
31;LATINA;100;Puerta del Angel;5;15;41632;3397;8,15958877786318
31;LATINA;100;Puerta del Angel;16;17;41632;645;1,54928900845503
31;LATINA;100;Puerta del Angel;18;30;41632;6308;15,151806302844
31;LATINA;100;Puerta del Angel;31;45;41632;10056;24,1544965411222
31;LATINA;100;Puerta del Angel;46;60;41632;9121;21,9086279784781
31;LATINA;100;Puerta del Angel;61;120;41632;10577;25,4059377401998
32;MONCLOA-ARAVACA;15;Aravaca;0;4;26550;1409;5,30696798493409
32;MONCLOA-ARAVACA;15;Aravaca;5;15;26550;4021;15,1450094161959
32;MONCLOA-ARAVACA;15;Aravaca;16;17;26550;843;3,17514124293785
32;MONCLOA-ARAVACA;15;Aravaca;18;30;26550;3911;14,7306967984934
32;MONCLOA-ARAVACA;15;Aravaca;31;45;26550;5013;18,8813559322034
32;MONCLOA-ARAVACA;15;Aravaca;46;60;26550;6355;23,9359698681733
32;MONCLOA-ARAVACA;15;Aravaca;61;120;26550;4998;18,8248587570621
32;MONCLOA-ARAVACA;17;Argüelles;0;4;24024;847;3,52564102564103
32;MONCLOA-ARAVACA;17;Argüelles;5;15;24024;1557;6,48101898101898
32;MONCLOA-ARAVACA;17;Argüelles;16;17;24024;322;1,34032634032634
32;MONCLOA-ARAVACA;17;Argüelles;18;30;24024;3691;15,3638028638029
32;MONCLOA-ARAVACA;17;Argüelles;31;45;24024;5340;22,2277722277722
32;MONCLOA-ARAVACA;17;Argüelles;46;60;24024;4984;20,7459207459207
32;MONCLOA-ARAVACA;17;Argüelles;61;120;24024;7283;30,3155178155178
32;MONCLOA-ARAVACA;27;Casa de Campo;0;4;12903;429;3,32480818414322
32;MONCLOA-ARAVACA;27;Casa de Campo;5;15;12903;866;6,71161745330543
32;MONCLOA-ARAVACA;27;Casa de Campo;16;17;12903;200;1,5500271254747
32;MONCLOA-ARAVACA;27;Casa de Campo;18;30;12903;1695;13,136479888398
32;MONCLOA-ARAVACA;27;Casa de Campo;31;45;12903;2662;20,6308610400682
32;MONCLOA-ARAVACA;27;Casa de Campo;46;60;12903;3134;24,2889250561885
32;MONCLOA-ARAVACA;27;Casa de Campo;61;120;12903;3917;30,3572812524219
32;MONCLOA-ARAVACA;35;Ciudad Universitaria;0;4;16136;563;3,48909271194844
32;MONCLOA-ARAVACA;35;Ciudad Universitaria;5;15;16136;1476;9,14724838869608
32;MONCLOA-ARAVACA;35;Ciudad Universitaria;16;17;16136;293;1,81581556767476
32;MONCLOA-ARAVACA;35;Ciudad Universitaria;18;30;16136;2539;15,7350024789291
32;MONCLOA-ARAVACA;35;Ciudad Universitaria;31;45;16136;3121;19,3418443232524
32;MONCLOA-ARAVACA;35;Ciudad Universitaria;46;60;16136;3170;19,6455131383242
32;MONCLOA-ARAVACA;35;Ciudad Universitaria;61;120;16136;4974;30,825483391175
32;MONCLOA-ARAVACA;48;El Plantío;0;4;2756;126;4,57184325108853
32;MONCLOA-ARAVACA;48;El Plantío;5;15;2756;416;15,0943396226415
32;MONCLOA-ARAVACA;48;El Plantío;16;17;2756;66;2,39477503628447
32;MONCLOA-ARAVACA;48;El Plantío;18;30;2756;362;13,1349782293179
32;MONCLOA-ARAVACA;48;El Plantío;31;45;2756;493;17,8882438316401
32;MONCLOA-ARAVACA;48;El Plantío;46;60;2756;621;22,5326560232221
32;MONCLOA-ARAVACA;48;El Plantío;61;120;2756;672;24,3831640058055
32;MONCLOA-ARAVACA;122;Valdemarín;0;4;6600;448;6,78787878787879
32;MONCLOA-ARAVACA;122;Valdemarín;5;15;6600;1407;21,3181818181818
32;MONCLOA-ARAVACA;122;Valdemarín;16;17;6600;187;2,83333333333333
32;MONCLOA-ARAVACA;122;Valdemarín;18;30;6600;769;11,6515151515152
32;MONCLOA-ARAVACA;122;Valdemarín;31;45;6600;1331;20,1666666666667
32;MONCLOA-ARAVACA;122;Valdemarín;46;60;6600;1540;23,3333333333333
32;MONCLOA-ARAVACA;122;Valdemarín;61;120;6600;918;13,9090909090909
32;MONCLOA-ARAVACA;123;Valdezarza;0;4;29636;1183;3,99176677014442
32;MONCLOA-ARAVACA;123;Valdezarza;5;15;29636;2533;8,5470373869618
32;MONCLOA-ARAVACA;123;Valdezarza;16;17;29636;468;1,57916048049669
32;MONCLOA-ARAVACA;123;Valdezarza;18;30;29636;4099;13,83115130247
32;MONCLOA-ARAVACA;123;Valdezarza;31;45;29636;6374;21,50762586044
32;MONCLOA-ARAVACA;123;Valdezarza;46;60;29636;6127;20,674180051289
32;MONCLOA-ARAVACA;123;Valdezarza;61;120;29636;8852;29,8690781481981
33;MORATALAZ;54;Fontarrón;0;4;17172;640;3,72699743768926
33;MORATALAZ;54;Fontarrón;5;15;17172;1554;9,04961565338924
33;MORATALAZ;54;Fontarrón;16;17;17172;261;1,51991614255765
33;MORATALAZ;54;Fontarrón;18;30;17172;2267;13,2017237363149
33;MORATALAZ;54;Fontarrón;31;45;17172;3606;20,9993011879804
33;MORATALAZ;54;Fontarrón;46;60;17172;3716;21,6398788725833
33;MORATALAZ;54;Fontarrón;61;120;17172;5128;29,8625669694852
33;MORATALAZ;62;Horcajo;0;4;6348;192;3,02457466918715
33;MORATALAZ;62;Horcajo;5;15;6348;991;15,6112161310649
33;MORATALAZ;62;Horcajo;16;17;6348;239;3,76496534341525
33;MORATALAZ;62;Horcajo;18;30;6348;1033;16,2728418399496
33;MORATALAZ;62;Horcajo;31;45;6348;943;14,8550724637681
33;MORATALAZ;62;Horcajo;46;60;6348;2172;34,2155009451796
33;MORATALAZ;62;Horcajo;61;120;6348;778;12,2558286074354
33;MORATALAZ;74;Marroquina;0;4;27471;771;2,8065960467402
33;MORATALAZ;74;Marroquina;5;15;27471;2121;7,72086928033199
33;MORATALAZ;74;Marroquina;16;17;27471;531;1,93294747187944
33;MORATALAZ;74;Marroquina;18;30;27471;4118;14,9903534636526
33;MORATALAZ;74;Marroquina;31;45;27471;4266;15,52910341815
33;MORATALAZ;74;Marroquina;46;60;27471;6868;25,0009100505988
33;MORATALAZ;74;Marroquina;61;120;27471;8796;32,0192202686469
33;MORATALAZ;75;Average Legua;0;4;17836;646;3,62188831576587
33;MORATALAZ;75;Average Legua;5;15;17836;1369;7,67548777752859
33;MORATALAZ;75;Average Legua;16;17;17836;265;1,48575913882036
33;MORATALAZ;75;Average Legua;18;30;17836;2466;13,8259699484189
33;MORATALAZ;75;Average Legua;31;45;17836;3302;18,5131195335277
33;MORATALAZ;75;Average Legua;46;60;17836;3914;21,9443821484638
33;MORATALAZ;75;Average Legua;61;120;17836;5874;32,9333931374748
33;MORATALAZ;90;Pavones;0;4;9082;290;3,19312926668135
33;MORATALAZ;90;Pavones;5;15;9082;840;9,24906408280114
33;MORATALAZ;90;Pavones;16;17;9082;171;1,88284518828452
33;MORATALAZ;90;Pavones;18;30;9082;1352;14,8865888570799
33;MORATALAZ;90;Pavones;31;45;9082;1600;17,6172649196212
33;MORATALAZ;90;Pavones;46;60;9082;2106;23,1887249504514
33;MORATALAZ;90;Pavones;61;120;9082;2723;29,9823827350804
33;MORATALAZ;127;Vinateros;0;4;16900;590;3,49112426035503
33;MORATALAZ;127;Vinateros;5;15;16900;1340;7,92899408284024
33;MORATALAZ;127;Vinateros;16;17;16900;244;1,44378698224852
33;MORATALAZ;127;Vinateros;18;30;16900;2007;11,8757396449704
33;MORATALAZ;127;Vinateros;31;45;16900;3351;19,8284023668639
33;MORATALAZ;127;Vinateros;46;60;16900;3605;21,3313609467456
33;MORATALAZ;127;Vinateros;61;120;16900;5763;34,1005917159763
34;PUENTE DE VALLECAS;52;Entrevías;0;4;34427;1479;4,29604670752607
34;PUENTE DE VALLECAS;52;Entrevías;5;15;34427;3551;10,3145786737154
34;PUENTE DE VALLECAS;52;Entrevías;16;17;34427;676;1,96357510093822
34;PUENTE DE VALLECAS;52;Entrevías;18;30;34427;5303;15,4036076335434
34;PUENTE DE VALLECAS;52;Entrevías;31;45;34427;7191;20,887675371075
34;PUENTE DE VALLECAS;52;Entrevías;46;60;34427;7888;22,9122491068057
34;PUENTE DE VALLECAS;52;Entrevías;61;120;34427;8339;24,2222674063961
34;PUENTE DE VALLECAS;80;Numancia;0;4;46929;1945;4,1445588015939
34;PUENTE DE VALLECAS;80;Numancia;5;15;46929;4266;9,09032794221057
34;PUENTE DE VALLECAS;80;Numancia;16;17;46929;794;1,69191757761725
34;PUENTE DE VALLECAS;80;Numancia;18;30;46929;7435;15,843082102751
34;PUENTE DE VALLECAS;80;Numancia;31;45;46929;11104;23,6612755439068
34;PUENTE DE VALLECAS;80;Numancia;46;60;46929;10535;22,4488056425664
34;PUENTE DE VALLECAS;80;Numancia;61;120;46929;10850;23,1200323893541
34;PUENTE DE VALLECAS;87;Palomeras Bajas;0;4;40025;1421;3,55028107432854
34;PUENTE DE VALLECAS;87;Palomeras Bajas;5;15;40025;3955;9,88132417239225
34;PUENTE DE VALLECAS;87;Palomeras Bajas;16;17;40025;978;2,44347282948157
34;PUENTE DE VALLECAS;87;Palomeras Bajas;18;30;40025;6715;16,7770143660212
34;PUENTE DE VALLECAS;87;Palomeras Bajas;31;45;40025;7689;19,210493441599
34;PUENTE DE VALLECAS;87;Palomeras Bajas;46;60;40025;10821;27,0356027482823
34;PUENTE DE VALLECAS;87;Palomeras Bajas;61;120;40025;8446;21,1018113678951
34;PUENTE DE VALLECAS;88;Palomeras Sureste;0;4;42341;1756;4,14728041378333
34;PUENTE DE VALLECAS;88;Palomeras Sureste;5;15;42341;4178;9,86750431024303
34;PUENTE DE VALLECAS;88;Palomeras Sureste;16;17;42341;744;1,75716208875558
34;PUENTE DE VALLECAS;88;Palomeras Sureste;18;30;42341;6642;15,6869228407454
34;PUENTE DE VALLECAS;88;Palomeras Sureste;31;45;42341;9096;21,4827236012376
34;PUENTE DE VALLECAS;88;Palomeras Sureste;46;60;42341;10233;24,1680640513923
34;PUENTE DE VALLECAS;88;Palomeras Sureste;61;120;42341;9692;22,8903426938428
34;PUENTE DE VALLECAS;95;Pertazgo;0;4;28257;1184;4,19011218459143
34;PUENTE DE VALLECAS;95;Pertazgo;5;15;28257;2690;9,51976501397884
34;PUENTE DE VALLECAS;95;Pertazgo;16;17;28257;515;1,8225572424532
34;PUENTE DE VALLECAS;95;Pertazgo;18;30;28257;4094;14,4884453409775
34;PUENTE DE VALLECAS;95;Pertazgo;31;45;28257;6237;22,0724068372439
34;PUENTE DE VALLECAS;95;Pertazgo;46;60;28257;6061;21,4495523233181
34;PUENTE DE VALLECAS;95;Pertazgo;61;120;28257;7476;26,4571610574371
34;PUENTE DE VALLECAS;109;San Diego;0;4;40847;1970;4,82287560897985
34;PUENTE DE VALLECAS;109;San Diego;5;15;40847;4075;9,97625284598624
34;PUENTE DE VALLECAS;109;San Diego;16;17;40847;662;1,62068205743384
34;PUENTE DE VALLECAS;109;San Diego;18;30;40847;7042;17,2399441819473
34;PUENTE DE VALLECAS;109;San Diego;31;45;40847;10604;25,9602908414327
34;PUENTE DE VALLECAS;109;San Diego;46;60;40847;9067;22,1974686023453
34;PUENTE DE VALLECAS;109;San Diego;61;120;40847;7427;18,1824858618748
35;RETIRO;3;Adelfas;0;4;18463;806;4,3654877322212
35;RETIRO;3;Adelfas;5;15;18463;1705;9,234685587391
35;RETIRO;3;Adelfas;16;17;18463;268;1,45155175215295
35;RETIRO;3;Adelfas;18;30;18463;2297;12,4410984130423
35;RETIRO;3;Adelfas;31;45;18463;4476;24,2430807561068
35;RETIRO;3;Adelfas;46;60;18463;3983;21,5728754806911
35;RETIRO;3;Adelfas;61;120;18463;4928;26,6912202783946
35;RETIRO;53;Estrella;0;4;23286;893;3,83492227089238
35;RETIRO;53;Estrella;5;15;23286;2157;9,26307652666839
35;RETIRO;53;Estrella;16;17;23286;356;1,52881559735463
35;RETIRO;53;Estrella;18;30;23286;2652;11,388817315125
35;RETIRO;53;Estrella;31;45;23286;4548;19,531048698789
35;RETIRO;53;Estrella;46;60;23286;4300;18,466031091643
35;RETIRO;53;Estrella;61;120;23286;8380;35,9872884995276
35;RETIRO;63;Ibiza;0;4;21579;917;4,24950183048334
35;RETIRO;63;Ibiza;5;15;21579;1744;8,08193150748413
35;RETIRO;63;Ibiza;16;17;21579;277;1,28365540571852
35;RETIRO;63;Ibiza;18;30;21579;2799;12,9709439733074
35;RETIRO;63;Ibiza;31;45;21579;4866;22,54970109829
35;RETIRO;63;Ibiza;46;60;21579;4463;20,6821446776959
35;RETIRO;63;Ibiza;61;120;21579;6513;30,1821215070207
35;RETIRO;65;Jerónimos;0;4;7017;303;4,3180846515605
35;RETIRO;65;Jerónimos;5;15;7017;513;7,31081658828559
35;RETIRO;65;Jerónimos;16;17;7017;85;1,21134387915063
35;RETIRO;65;Jerónimos;18;30;7017;814;11,6003990309249
35;RETIRO;65;Jerónimos;31;45;7017;1469;20,9348724526151
35;RETIRO;65;Jerónimos;46;60;7017;1578;22,48824283882
35;RETIRO;65;Jerónimos;61;120;7017;2255;32,1362405586433
35;RETIRO;78;Niño Jesús;0;4;15360;685;4,45963541666667
35;RETIRO;78;Niño Jesús;5;15;15360;1598;10,4036458333333
35;RETIRO;78;Niño Jesús;16;17;15360;286;1,86197916666667
35;RETIRO;78;Niño Jesús;18;30;15360;1898;12,3567708333333
35;RETIRO;78;Niño Jesús;31;45;15360;2956;19,2447916666667
35;RETIRO;78;Niño Jesús;46;60;15360;3124;20,3385416666667
35;RETIRO;78;Niño Jesús;61;120;15360;4813;31,3346354166667
35;RETIRO;84;Pacífico;0;4;33628;1186;3,5268228856905
35;RETIRO;84;Pacífico;5;15;33628;2408;7,16069941715237
35;RETIRO;84;Pacífico;16;17;33628;492;1,46306649220887
35;RETIRO;84;Pacífico;18;30;33628;4630;13,7682883311526
35;RETIRO;84;Pacífico;31;45;33628;7216;21,4583085523968
35;RETIRO;84;Pacífico;46;60;33628;7394;21,9876293564886
35;RETIRO;84;Pacífico;61;120;33628;10302;30,6351849649102
36;SALAMANCA;31;Castellana;0;4;16928;657;3,88114366729679
36;SALAMANCA;31;Castellana;5;15;16928;1315;7,76819470699433
36;SALAMANCA;31;Castellana;16;17;16928;239;1,41186200378072
36;SALAMANCA;31;Castellana;18;30;16928;2995;17,6925803402647
36;SALAMANCA;31;Castellana;31;45;16928;3524;20,8175803402647
36;SALAMANCA;31;Castellana;46;60;16928;3375;19,937381852552
36;SALAMANCA;31;Castellana;61;120;16928;4823;28,4912570888469
36;SALAMANCA;55;Fuente del Berro;0;4;20882;741;3,54851067905373
36;SALAMANCA;55;Fuente del Berro;5;15;20882;1568;7,5088593046643
36;SALAMANCA;55;Fuente del Berro;16;17;20882;285;1,36481179963605
36;SALAMANCA;55;Fuente del Berro;18;30;20882;2873;13,7582607029978
36;SALAMANCA;55;Fuente del Berro;31;45;20882;4989;23,891389713629
36;SALAMANCA;55;Fuente del Berro;46;60;20882;4254;20,3716119145676
36;SALAMANCA;55;Fuente del Berro;61;120;20882;6172;29,5565558854516
36;SALAMANCA;58;Goya;0;4;29542;1156;3,91307291314061
36;SALAMANCA;58;Goya;5;15;29542;2030;6,87157267618983
36;SALAMANCA;58;Goya;16;17;29542;357;1,20844898788166
36;SALAMANCA;58;Goya;18;30;29542;4692;15,882472412159
36;SALAMANCA;58;Goya;31;45;29542;6649;22,5069392728996
36;SALAMANCA;58;Goya;46;60;29542;6085;20,5977929727168
36;SALAMANCA;58;Goya;61;120;29542;8573;29,0197007650125
36;SALAMANCA;59;Guindalera;0;4;41413;1494;3,60756284258566
36;SALAMANCA;59;Guindalera;5;15;41413;3255;7,85985077149687
36;SALAMANCA;59;Guindalera;16;17;41413;556;1,34257358800377
36;SALAMANCA;59;Guindalera;18;30;41413;6003;14,4954482891846
36;SALAMANCA;59;Guindalera;31;45;41413;9278;22,4035930746384
36;SALAMANCA;59;Guindalera;46;60;41413;8692;20,9885784656992
36;SALAMANCA;59;Guindalera;61;120;41413;12135;29,3023929683916
36;SALAMANCA;69;Lista;0;4;20938;792;3,78259623650778
36;SALAMANCA;69;Lista;5;15;20938;1575;7,52220842487344
36;SALAMANCA;69;Lista;16;17;20938;267;1,27519342821664
36;SALAMANCA;69;Lista;18;30;20938;3493;16,6825866844971
36;SALAMANCA;69;Lista;31;45;20938;4655;22,2323049001815
36;SALAMANCA;69;Lista;46;60;20938;4055;19,3667016907059
36;SALAMANCA;69;Lista;61;120;20938;6101;29,1384086350177
36;SALAMANCA;102;Recoletos;0;4;15767;668;4,23669689858565
36;SALAMANCA;102;Recoletos;5;15;15767;1177;7,4649584575379
36;SALAMANCA;102;Recoletos;16;17;15767;227;1,43971586224393
36;SALAMANCA;102;Recoletos;18;30;15767;2427;15,3929092408194
36;SALAMANCA;102;Recoletos;31;45;15767;3378;21,42449419674
36;SALAMANCA;102;Recoletos;46;60;15767;3435;21,7860087524577
36;SALAMANCA;102;Recoletos;61;120;15767;4455;28,2552165916154
37;SAN BLAS;12;Amposta;0;4;8498;384;4,51871028477289
37;SAN BLAS;12;Amposta;5;15;8498;884;10,4024476347376
37;SAN BLAS;12;Amposta;16;17;8498;126;1,4827018121911
37;SAN BLAS;12;Amposta;18;30;8498;1328;15,6272064015062
37;SAN BLAS;12;Amposta;31;45;8498;1777;20,9108025417745
37;SAN BLAS;12;Amposta;46;60;8498;1970;23,1819251588609
37;SAN BLAS;12;Amposta;61;120;8498;2029;23,8762061661567
37;SAN BLAS;16;Arcos;0;4;24134;916;3,79547526311428
37;SAN BLAS;16;Arcos;5;15;24134;2931;12,1446921355764
37;SAN BLAS;16;Arcos;16;17;24134;599;2,48197563603215
37;SAN BLAS;16;Arcos;18;30;24134;3206;13,2841634209
37;SAN BLAS;16;Arcos;31;45;24134;5080;21,049142288887
37;SAN BLAS;16;Arcos;46;60;24134;6103;25,2879754702909
37;SAN BLAS;16;Arcos;61;120;24134;5299;21,9565757851993
37;SAN BLAS;26;Canillejas;0;4;28658;1084;3,78253890711145
37;SAN BLAS;26;Canillejas;5;15;28658;2583;9,01319003419638
37;SAN BLAS;26;Canillejas;16;17;28658;466;1,62607299881359
37;SAN BLAS;26;Canillejas;18;30;28658;3998;13,9507292902505
37;SAN BLAS;26;Canillejas;31;45;28658;6209;21,6658524670249
37;SAN BLAS;26;Canillejas;46;60;28658;6309;22,014795170633
37;SAN BLAS;26;Canillejas;61;120;28658;8009;27,9468211319701
37;SAN BLAS;60;Hellín;0;4;9057;334;3,68775532737109
37;SAN BLAS;60;Hellín;5;15;9057;731;8,07110522247985
37;SAN BLAS;60;Hellín;16;17;9057;143;1,57888925692834
37;SAN BLAS;60;Hellín;18;30;9057;1297;14,3204151485039
37;SAN BLAS;60;Hellín;31;45;9057;1790;19,7637186706415
37;SAN BLAS;60;Hellín;46;60;9057;2122;23,4293916307828
37;SAN BLAS;60;Hellín;61;120;9057;2640;29,1487247432925
37;SAN BLAS;103;Rejas;0;4;16617;1093;6,57760125173016
37;SAN BLAS;103;Rejas;5;15;16617;2321;13,9676235180839
37;SAN BLAS;103;Rejas;16;17;16617;248;1,49244749353072
37;SAN BLAS;103;Rejas;18;30;16617;2090;12,5774808930613
37;SAN BLAS;103;Rejas;31;45;16617;5109;30,7456219534212
37;SAN BLAS;103;Rejas;46;60;16617;3448;20,7498345068304
37;SAN BLAS;103;Rejas;61;120;16617;2308;13,8893903833424
37;SAN BLAS;105;Rosas;0;4;31693;1110;3,5023506768056
37;SAN BLAS;105;Rosas;5;15;31693;4676;14,7540466349036
37;SAN BLAS;105;Rosas;16;17;31693;1172;3,69797747136592
37;SAN BLAS;105;Rosas;18;30;31693;3994;12,6021518947402
37;SAN BLAS;105;Rosas;31;45;31693;5380;16,9753573344272
37;SAN BLAS;105;Rosas;46;60;31693;9915;31,2845107752501
37;SAN BLAS;105;Rosas;61;120;31693;5446;17,1836052125075
37;SAN BLAS;106;Salvador;0;4;11339;352;3,10433018784725
37;SAN BLAS;106;Salvador;5;15;11339;992;8,74856689302408
37;SAN BLAS;106;Salvador;16;17;11339;298;2,62809771584796
37;SAN BLAS;106;Salvador;18;30;11339;1873;16,518211482494
37;SAN BLAS;106;Salvador;31;45;11339;1685;14,8602169503484
37;SAN BLAS;106;Salvador;46;60;11339;3150;27,7802275332922
37;SAN BLAS;106;Salvador;61;120;11339;2989;26,3603492371461
37;SAN BLAS;115;Simancas;0;4;27604;1180;4,27474279089987
37;SAN BLAS;115;Simancas;5;15;27604;3132;11,3461817127952
37;SAN BLAS;115;Simancas;16;17;27604;470;1,70265178959571
37;SAN BLAS;115;Simancas;18;30;27604;3857;13,9726126648312
37;SAN BLAS;115;Simancas;31;45;27604;6697;24,2609766700478
37;SAN BLAS;115;Simancas;46;60;27604;6704;24,2863353137226
37;SAN BLAS;115;Simancas;61;120;27604;5564;20,1564990581075
38;TETUÁN;8;Almenara;0;4;22530;857;3,80381713271194
38;TETUÁN;8;Almenara;5;15;22530;1873;8,31335996449179
38;TETUÁN;8;Almenara;16;17;22530;382;1,69551708832668
38;TETUÁN;8;Almenara;18;30;22530;3562;15,8100310696849
38;TETUÁN;8;Almenara;31;45;22530;5390;23,9236573457612
38;TETUÁN;8;Almenara;46;60;22530;4888;21,6955170883267
38;TETUÁN;8;Almenara;61;120;22530;5578;24,7581003106969
38;TETUÁN;20;Bellas Vistas;0;4;28992;1183;4,08043598233996
38;TETUÁN;20;Bellas Vistas;5;15;28992;2332;8,04359823399558
38;TETUÁN;20;Bellas Vistas;16;17;28992;439;1,51421081677704
38;TETUÁN;20;Bellas Vistas;18;30;28992;4887;16,8563741721854
38;TETUÁN;20;Bellas Vistas;31;45;28992;7552;26,0485651214128
38;TETUÁN;20;Bellas Vistas;46;60;28992;5985;20,6436258278146
38;TETUÁN;20;Bellas Vistas;61;120;28992;6614;22,8131898454746
38;TETUÁN;21;Berruguete;0;4;24782;1067;4,30554434670325
38;TETUÁN;21;Berruguete;5;15;24782;2084;8,409329351949
38;TETUÁN;21;Berruguete;16;17;24782;400;1,61407473166008
38;TETUÁN;21;Berruguete;18;30;24782;4012;16,1891695585506
38;TETUÁN;21;Berruguete;31;45;24782;6691;26,9994350738439
38;TETUÁN;21;Berruguete;46;60;24782;5360;21,628601404245
38;TETUÁN;21;Berruguete;61;120;24782;5168;20,8538455330482
38;TETUÁN;33;Castillejos;0;4;20399;713;3,4952693759498
38;TETUÁN;33;Castillejos;5;15;20399;1242;6,08853375165449
38;TETUÁN;33;Castillejos;16;17;20399;245;1,20103926663072
38;TETUÁN;33;Castillejos;18;30;20399;3031;14,8585714986029
38;TETUÁN;33;Castillejos;31;45;20399;5140;25,1973135938036
38;TETUÁN;33;Castillejos;46;60;20399;4077;19,9862738369528
38;TETUÁN;33;Castillejos;61;120;20399;5951;29,1729986764057
38;TETUÁN;42;Cuatro Caminos;0;4;34339;1288;3,75083724045546
38;TETUÁN;42;Cuatro Caminos;5;15;34339;2388;6,95419202655872
38;TETUÁN;42;Cuatro Caminos;16;17;34339;464;1,35123329159265
38;TETUÁN;42;Cuatro Caminos;18;30;34339;5389;15,6935263111914
38;TETUÁN;42;Cuatro Caminos;31;45;34339;8428;24,5435219429803
38;TETUÁN;42;Cuatro Caminos;46;60;34339;6852;19,9539881767087
38;TETUÁN;42;Cuatro Caminos;61;120;34339;9530;27,7527010105128
38;TETUÁN;120;Valdeacederas;0;4;25692;1180;4,59286937568115
38;TETUÁN;120;Valdeacederas;5;15;25692;2220;8,640822045773
38;TETUÁN;120;Valdeacederas;16;17;25692;383;1,49073641600498
38;TETUÁN;120;Valdeacederas;18;30;25692;4213;16,3981005760548
38;TETUÁN;120;Valdeacederas;31;45;25692;7214;28,0787793865795
38;TETUÁN;120;Valdeacederas;46;60;25692;5704;22,2014634905807
38;TETUÁN;120;Valdeacederas;61;120;25692;4778;18,5972287093259
39;USERA;9;Almendrales;0;4;21193;987;4,6571981314585
39;USERA;9;Almendrales;5;15;21193;2195;10,3571934129194
39;USERA;9;Almendrales;16;17;21193;407;1,92044543009484
39;USERA;9;Almendrales;18;30;21193;3392;16,0052847638371
39;USERA;9;Almendrales;31;45;21193;5266;24,8478271127259
39;USERA;9;Almendrales;46;60;21193;4680;22,0827631765206
39;USERA;9;Almendrales;61;120;21193;4266;20,1292879724437
39;USERA;77;Moscardó;0;4;25972;1066;4,10442014477129
39;USERA;77;Moscardó;5;15;25972;2281;8,78253503773294
39;USERA;77;Moscardó;16;17;25972;475;1,82889265362698
39;USERA;77;Moscardó;18;30;25972;3908;15,0469736639458
39;USERA;77;Moscardó;31;45;25972;6399;24,638071769598
39;USERA;77;Moscardó;46;60;25972;5724;22,039119051286
39;USERA;77;Moscardó;61;120;25972;6119;23,559987679039
39;USERA;82;Orcasitas;0;4;22759;988;4,34113976888264
39;USERA;82;Orcasitas;5;15;22759;3036;13,3397776703722
39;USERA;82;Orcasitas;16;17;22759;462;2,02996616723055
39;USERA;82;Orcasitas;18;30;22759;2745;12,0611626169867
39;USERA;82;Orcasitas;31;45;22759;4975;21,8594841601125
39;USERA;82;Orcasitas;46;60;22759;5199;22,8437101805879
39;USERA;82;Orcasitas;61;120;22759;5354;23,5247594358276
39;USERA;83;Orcasur;0;4;13742;714;5,19575025469364
39;USERA;83;Orcasur;5;15;13742;1620;11,7886770484646
39;USERA;83;Orcasur;16;17;13742;313;2,27768883714161
39;USERA;83;Orcasur;18;30;13742;2167;15,7691747926066
39;USERA;83;Orcasur;31;45;13742;3190;23,2135060398777
39;USERA;83;Orcasur;46;60;13742;3172;23,0825207393393
39;USERA;83;Orcasur;61;120;13742;2566;18,6726822878766
39;USERA;96;Pradolongo;0;4;17366;776;4,46850166992975
39;USERA;96;Pradolongo;5;15;17366;1720;9,90441091788552
39;USERA;96;Pradolongo;16;17;17366;333;1,91754002073016
39;USERA;96;Pradolongo;18;30;17366;2862;16,4804790970863
39;USERA;96;Pradolongo;31;45;17366;4314;24,8416445928826
39;USERA;96;Pradolongo;46;60;17366;3674;21,1562823908787
39;USERA;96;Pradolongo;61;120;17366;3687;21,2311413106069
39;USERA;110;San Fermín;0;4;23509;1065;4,53017993109022
39;USERA;110;San Fermín;5;15;23509;3326;14,1477731932451
39;USERA;110;San Fermín;16;17;23509;579;2,46288655408567
39;USERA;110;San Fermín;18;30;23509;3460;14,717767663448
39;USERA;110;San Fermín;31;45;23509;5561;23,6547705134204
39;USERA;110;San Fermín;46;60;23509;5382;22,8933599897911
39;USERA;110;San Fermín;61;120;23509;4136;17,5932621549194
39;USERA;129;Zofío;0;4;13825;576;4,16636528028933
39;USERA;129;Zofío;5;15;13825;1324;9,57685352622062
39;USERA;129;Zofío;16;17;13825;292;2,1121157323689
39;USERA;129;Zofío;18;30;13825;2252;16,2893309222423
39;USERA;129;Zofío;31;45;13825;3066;22,1772151898734
39;USERA;129;Zofío;46;60;13825;3237;23,4141048824593
39;USERA;129;Zofío;61;120;13825;3078;22,2640144665461
41;VICÁLVARO;30;Casco Histórico de Vicálvaro;0;4;71487;3132;4,38121616517689
41;VICÁLVARO;30;Casco Histórico de Vicálvaro;5;15;71487;10343;14,4683648775302
41;VICÁLVARO;30;Casco Histórico de Vicálvaro;16;17;71487;1616;2,26055086938884
41;VICÁLVARO;30;Casco Histórico de Vicálvaro;18;30;71487;9570;13,387049393596
41;VICÁLVARO;30;Casco Histórico de Vicálvaro;31;45;71487;16195;22,6544686446487
41;VICÁLVARO;30;Casco Histórico de Vicálvaro;46;60;71487;17961;25,1248478744387
41;VICÁLVARO;30;Casco Histórico de Vicálvaro;61;120;71487;12670;17,7235021752207
42;VILLA DE VALLECAS;29;Casco Histórico de Vallecas;0;4;39999;2004;5,01012525313133
42;VILLA DE VALLECAS;29;Casco Histórico de Vallecas;5;15;39999;5008;12,5203130078252
42;VILLA DE VALLECAS;29;Casco Histórico de Vallecas;16;17;39999;870;2,17505437635941
42;VILLA DE VALLECAS;29;Casco Histórico de Vallecas;18;30;39999;6015;15,0378759468987
42;VILLA DE VALLECAS;29;Casco Histórico de Vallecas;31;45;39999;9399;23,4980874521863
42;VILLA DE VALLECAS;29;Casco Histórico de Vallecas;46;60;39999;8556;21,3905347633691
42;VILLA DE VALLECAS;29;Casco Histórico de Vallecas;61;120;39999;8147;20,36800920023
42;VILLA DE VALLECAS;51;Ensanche de Vallecas;0;4;44651;4701;10,5283196344987
42;VILLA DE VALLECAS;51;Ensanche de Vallecas;5;15;44651;6441;14,4252088419072
42;VILLA DE VALLECAS;51;Ensanche de Vallecas;16;17;44651;567;1,26984837965555
42;VILLA DE VALLECAS;51;Ensanche de Vallecas;18;30;44651;4930;11,0411860876576
42;VILLA DE VALLECAS;51;Ensanche de Vallecas;31;45;44651;18545;41,5332243398804
42;VILLA DE VALLECAS;51;Ensanche de Vallecas;46;60;44651;6856;15,3546393137892
42;VILLA DE VALLECAS;51;Ensanche de Vallecas;61;120;44651;2611;5,84757340261136
42;VILLA DE VALLECAS;114;Santa Eugenia;0;4;24386;837;3,43229721971623
42;VILLA DE VALLECAS;114;Santa Eugenia;5;15;24386;1997;8,18912490773395
42;VILLA DE VALLECAS;114;Santa Eugenia;16;17;24386;450;1,84532108586894
42;VILLA DE VALLECAS;114;Santa Eugenia;18;30;24386;3922;16,0829984417289
42;VILLA DE VALLECAS;114;Santa Eugenia;31;45;24386;4653;19,0806200278849
42;VILLA DE VALLECAS;114;Santa Eugenia;46;60;24386;5920;24,276224062987
42;VILLA DE VALLECAS;114;Santa Eugenia;61;120;24386;6607;27,0934142540802
43;VILLAVERDE;23;Butarque;0;4;18714;1204;6,43368601047344
43;VILLAVERDE;23;Butarque;5;15;18714;3492;18,6598268675858
43;VILLAVERDE;23;Butarque;16;17;18714;360;1,92369349150369
43;VILLAVERDE;23;Butarque;18;30;18714;2174;11,6169712514695
43;VILLAVERDE;23;Butarque;31;45;18714;5841;31,2119268996473
43;VILLAVERDE;23;Butarque;46;60;18714;3565;19,0499091589185
43;VILLAVERDE;23;Butarque;61;120;18714;2078;11,1039863204018
43;VILLAVERDE;70;Los Angeles;0;4;30787;1121;3,64114723747036
43;VILLAVERDE;70;Los Angeles;5;15;30787;2644;8,58804040666515
43;VILLAVERDE;70;Los Angeles;16;17;30787;537;1,74424269984084
43;VILLAVERDE;70;Los Angeles;18;30;30787;4209;13,6713547926073
43;VILLAVERDE;70;Los Angeles;31;45;30787;6034;19,5991814726995
43;VILLAVERDE;70;Los Angeles;46;60;30787;6602;21,4441160229967
43;VILLAVERDE;70;Los Angeles;61;120;30787;9640;31,3119173677201
43;VILLAVERDE;72;Los Rosales;0;4;37363;1541;4,12440114551829
43;VILLAVERDE;72;Los Rosales;5;15;37363;4304;11,5194176056527
43;VILLAVERDE;72;Los Rosales;16;17;37363;813;2,17594946872574
43;VILLAVERDE;72;Los Rosales;18;30;37363;5699;15,253057837968
43;VILLAVERDE;72;Los Rosales;31;45;37363;7990;21,3847924417204
43;VILLAVERDE;72;Los Rosales;46;60;37363;9408;25,1799909000883
43;VILLAVERDE;72;Los Rosales;61;120;37363;7608;20,3623906003265
43;VILLAVERDE;107;San Andrés;0;4;44820;2097;4,67871485943775
43;VILLAVERDE;107;San Andrés;5;15;44820;5130;11,4457831325301
43;VILLAVERDE;107;San Andrés;16;17;44820;898;2,00356983489514
43;VILLAVERDE;107;San Andrés;18;30;44820;6898;15,3904506916555
43;VILLAVERDE;107;San Andrés;31;45;44820;9873;22,0281124497992
43;VILLAVERDE;107;San Andrés;46;60;44820;10541;23,5185185185185
43;VILLAVERDE;107;San Andrés;61;120;44820;9383;20,9348505131638
43;VILLAVERDE;108;San Cristóbal;0;4;15784;993;6,29118094272681
43;VILLAVERDE;108;San Cristóbal;5;15;15784;2001;12,6773948302078
43;VILLAVERDE;108;San Cristóbal;16;17;15784;326;2,06538266599088
43;VILLAVERDE;108;San Cristóbal;18;30;15784;2803;17,7584896097314
43;VILLAVERDE;108;San Cristóbal;31;45;15784;3736;23,6695387734415
43;VILLAVERDE;108;San Cristóbal;46;60;15784;3363;21,3063862138875
43;VILLAVERDE;108;San Cristóbal;61;120;15784;2562;16,2316269640142
