<?xml version="1.0" encoding="UTF-8"?>
<project-private xmlns="http://www.netbeans.org/ns/project-private/1">
    <open-files xmlns="http://www.netbeans.org/ns/projectui-open-files/2">
        <group>
            <file>file:/C:/Users/Casa/Desktop/Para%20Distancia%20UD4/UD4_BD00Version1/UD4_BD00/src/modelo/vo/Empleado.java</file>
            <file>file:/C:/Users/Casa/Desktop/Para%20Distancia%20UD4/UD4_BD00Version1/UD4_BD00/src/modelo/vo/Departamento.java</file>
        </group>
    </open-files>
</project-private>
